"";"key";"numDMI";"Criterio"
"1";"0013a20040ebxxxx";"AA0002";"sin datos 1 mes"
"2";"0013a20040ebacf1";"AA0003";"sin datos 1 mes"
"3";"0013a20040ebacf2";"AA0007";"sin datos 1 mes"
"4";"0013a20040ebacf4";"AA0008";"sin datos 1 mes"
"5";"0013a20040ebacef";"AA0009";"sin datos 1 mes"
"6";"0013a20040ebacf5";"AA0010";"sin datos 1 mes"
"7";"0013a20040ebaf91";"AA0011";"sin datos 1 mes"
"8";"0013a20040ebacfd";"AA0012";"sin datos 1 mes"
"9";"0013a20040ebaf9a";"AA0013";"sin datos 1 mes"
"10";"0013a20040ebacfc";"AA0014";"sin datos 1 mes"
"11";"0013a20040ebacad";"AA0018";"sin datos 1 mes"
"12";"0013a20040ebacfb";"AA0020";"sin datos 1 mes"
"13";"0013a20040ebaf97";"AA0023";"sin datos 1 mes"
"14";"0013a20040ebacfa";"AA0024";"sin datos 1 mes"
"15";"0013a20040ebaf9b";"AA0027";"sin datos 1 mes"
"16";"0013a20040ebacf7";"AA0030";"sin datos 1 mes"
"17";"0013a20040ebb1e2";"AA0031";"sin datos 1 mes"
"18";"0013a20040ebb1b1";"AA0036";"sin datos 1 mes"
"19";"0013a20040ebb195";"AA0039";"sin datos 1 mes"
"20";"0013a20040ebb1ae";"AA0040";"sin datos 1 mes"
"21";"0013a20040ebb1d9";"AA0041";"sin datos 1 mes"
"22";"0013a20040ebb1e1";"AA0042";"sin datos 1 mes"
"23";"0013a20040ebb186";"AA0043";"sin datos 1 mes"
"24";"0013a20040ebb199";"AA0045";"sin datos 1 mes"
"25";"0013a20040ebb178";"AA0047";"sin datos 1 mes"
"26";"0013a20040ebb197";"AA0050";"sin datos 1 mes"
"27";"0013a20040ebb196";"AA0051";"sin datos 1 mes"
"28";"0013a20040ebb1a6";"AA0053";"sin datos 1 mes"
"29";"0013a20040ebb1a0";"AA0054";"sin datos 1 mes"
"30";"0013a20040ebb1c2";"AA0057";"sin datos 1 mes"
"31";"0013a20040ebb17d";"AA0058";"sin datos 1 mes"
"32";"0013a20040ebb1be";"AA0062";"sin datos 1 mes"
"33";"0013a20040ebb1c7";"AA0064";"sin datos 1 mes"
"34";"0013a20040ebb1b7";"AA0067";"sin datos 1 mes"
"35";"0013a20040ebb1c4";"AA0070";"sin datos 1 mes"
"36";"0013a20040ebb18e";"AA0072";"sin datos 1 mes"
"37";"0013a20040ebb1b9";"AA0073";"sin datos 1 mes"
"38";"0013a20040ebb1b2";"AA0079";"sin datos 1 mes"
"39";"0013a20040ebb1aa";"AA0080";"sin datos 1 mes"
"40";"0013a20040ebb1b4";"AA0081";"sin datos 1 mes"
"41";"0013a20040ebb1e6";"AA0084";"sin datos 1 mes"
"42";"0013a20040ebb0f5";"AA0087";"sin datos 1 mes"
"43";"0013a20040ebb1e3";"AA0088";"sin datos 1 mes"
"44";"0013a20040ebb1d8";"AA0089";"sin datos 1 mes"
"45";"0013a20040ebb1da";"AA0090";"sin datos 1 mes"
"46";"0013a20040ebb1d0";"AA0093";"sin datos 1 mes"
"47";"0013a20040ebb1d3";"AA0094";"sin datos 1 mes"
"48";"0013a20040ebb1a5";"AA0097";"sin datos 1 mes"
"49";"0013a20040ebb1ea";"AA0098";"sin datos 1 mes"
"50";"0013a20040ebb1a4";"AA0100";"sin datos 1 mes"
"51";"0013a20040ebaff4";"AA0101";"sin datos 1 mes"
"52";"0013a20040ebb1a1";"AA0104";"sin datos 1 mes"
"53";"0013a20040ebb1cd";"AA0106";"sin datos 1 mes"
"54";"0013a20040ebb1ac";"AA0110";"sin datos 1 mes"
"55";"0013a20040ebb194";"AA0113";"sin datos 1 mes"
"56";"0013a20040ebb1e4";"AA0114";"sin datos 1 mes"
"57";"0013a20040ebb1a7";"AA0117";"sin datos 1 mes"
"58";"0013a20040ebb1e7";"AA0118";"sin datos 1 mes"
"59";"0013a20040f5cb03";"AA0121";"sin datos 1 mes"
"60";"0013a20040f5cb11";"AA0122";"sin datos 1 mes"
"61";"0013a20040f5cb07";"AA0123";"sin datos 1 mes"
"62";"0013a20040f5cb0e";"AA0127";"sin datos 1 mes"
"63";"0013a20040f5cb0f";"AA0130";"sin datos 1 mes"
"64";"0013a20040ebaff1";"AA0134";"sin datos 1 mes"
"65";"0013a20040f5cb0c";"AA0135";"sin datos 1 mes"
"66";"0013a20040f5cb10";"AA0136";"sin datos 1 mes"
"67";"0013a20040f5ca48";"AA0139";"sin datos 1 mes"
"68";"0013a20040f5caf6";"AA0141";"sin datos 1 mes"
"69";"0013a20040f5ca4c";"AA0144";"sin datos 1 mes"
"70";"0013a20040f5ca47";"AA0145";"sin datos 1 mes"
"71";"0013a20040f5cb02";"AA0149";"sin datos 1 mes"
"72";"0013a20040f5cb13";"AA0150";"sin datos 1 mes"
"73";"0013a20040f5cb01";"AA0151";"sin datos 1 mes"
"74";"0013a20040f5cb0a";"AA0152";"sin datos 1 mes"
"75";"0013a20040f5cb00";"AA0154";"sin datos 1 mes"
"76";"0013a20040f5cb04";"AA0155";"sin datos 1 mes"
"77";"0013a20040f5ca99";"AA0156";"sin datos 1 mes"
"78";"0013a20040f5cb0d";"AA0157";"sin datos 1 mes"
"79";"0013a20040f5ca54";"AA0161";"sin datos 1 mes"
"80";"0013a20040f5ca59";"AA0162";"sin datos 1 mes"
"81";"0013a20040f5ca53";"AA0165";"sin datos 1 mes"
"82";"0013a20040f5ca4b";"AA0168";"sin datos 1 mes"
"83";"0013a20040f5ca52";"AA0171";"sin datos 1 mes"
"84";"0013a20040f5ca5f";"AA0172";"sin datos 1 mes"
"85";"0013a20040f5ca62";"AA0179";"sin datos 1 mes"
"86";"0013a20040f5ca60";"AA0180";"sin datos 1 mes"
"87";"0013a20040f5ca44";"AA0182";"sin datos 1 mes"
"88";"0013a20040f5ca6a";"AA0183";"sin datos 1 mes"
"89";"0013a20040ebacb8";"AA0186";"sin datos 1 mes"
"90";"0013a20040ebacb2";"AA0188";"sin datos 1 mes"
"91";"0013a20040ebacc8";"AA0191";"sin datos 1 mes"
"92";"0013a20040ebae03";"AA0192";"sin datos 1 mes"
"93";"0013a20040ebae0c";"AA0193";"sin datos 1 mes"
"94";"0013a20040ebae09";"AA0196";"sin datos 1 mes"
"95";"0013a20040ebae0a";"AA0197";"sin datos 1 mes"
"96";"0013a20040ebadef";"AA0198";"sin datos 1 mes"
"97";"0013a20040ebaebf";"AA0204";"sin datos 1 mes"
"98";"0013a20040ebaec0";"AA0205";"sin datos 1 mes"
"99";"0013a20040ebaecb";"AA0206";"sin datos 1 mes"
"100";"0013a20040ebae02";"AA0211";"sin datos 1 mes"
"101";"0013a20040ebae04";"AA0215";"sin datos 1 mes"
"102";"0013a20040ebaea7";"AA0216";"sin datos 1 mes"
"103";"0013a20040ebacdc";"AA0217";"sin datos 1 mes"
"104";"0013a20040ebacdd";"AA0218";"sin datos 1 mes"
"105";"0013a20040ebacd7";"AA0219";"sin datos 1 mes"
"106";"0013a20040ebadfe";"AA0222";"sin datos 1 mes"
"107";"0013a20040ebae24";"AA0223";"sin datos 1 mes"
"108";"0013a20040ebae21";"AA0225";"sin datos 1 mes"
"109";"0013a20040ebadde";"AA0227";"sin datos 1 mes"
"110";"0013a20040ebadfd";"AA0228";"sin datos 1 mes"
"111";"0013a20040ebadf5";"AA0230";"sin datos 1 mes"
"112";"0013a20040ebadf0";"AA0231";"sin datos 1 mes"
"113";"0013a20040ebadec";"AA0233";"sin datos 1 mes"
"114";"0013a20040ebadd7";"AA0234";"sin datos 1 mes"
"115";"0013a20040ebade9";"AA0236";"sin datos 1 mes"
"116";"0013a20040ebadf6";"AA0237";"sin datos 1 mes"
"117";"0013a20040ebadeb";"AA0239";"sin datos 1 mes"
"118";"0013a20040ebadff";"AA0240";"sin datos 1 mes"
"119";"0013a20040ebacc9";"AA0242";"sin datos 1 mes"
"120";"0013a20040ebacd3";"AA0246";"sin datos 1 mes"
"121";"0013a20040ebaccc";"AA0247";"sin datos 1 mes"
"122";"0013a20040ebacc6";"AA0248";"sin datos 1 mes"
"123";"0013a20040ebacd5";"AA0249";"sin datos 1 mes"
"124";"0013a20040ebacd0";"AA0250";"sin datos 1 mes"
"125";"0013a20040ebaccf";"AA0254";"sin datos 1 mes"
"126";"0013a20040ebac90";"AA0258";"sin datos 1 mes"
"127";"0013a20040ebac92";"AA0259";"sin datos 1 mes"
"128";"0013a20040ebca55";"AA0261";"sin datos 1 mes"
"129";"0013a20040ebca35";"AA0262";"sin datos 1 mes"
"130";"0013a20040ebca33";"AA0263";"sin datos 1 mes"
"131";"0013a20040ebca58";"AA0267";"sin datos 1 mes"
"132";"0013a20040ebca5b";"AA0268";"sin datos 1 mes"
"133";"0013a20040ebca4f";"AA0269";"sin datos 1 mes"
"134";"0013a20040ebca12";"AA0272";"sin datos 1 mes"
"135";"0013a20040ebca08";"AA0276";"sin datos 1 mes"
"136";"0013a20040ebca14";"AA0278";"sin datos 1 mes"
"137";"0013a20040ebca0e";"AA0279";"sin datos 1 mes"
"138";"0013a20040ebca16";"AA0280";"sin datos 1 mes"
"139";"0013a20040ebca0b";"AA0282";"sin datos 1 mes"
"140";"0013a20040ebca06";"AA0284";"sin datos 1 mes"
"141";"0013a20040ebc9e7";"AA0286";"sin datos 1 mes"
"142";"0013a20040ebc937";"AA0287";"sin datos 1 mes"
"143";"0013a20040ebc8b7";"AA0289";"sin datos 1 mes"
"144";"0013a20040ebc92c";"AA0292";"sin datos 1 mes"
"145";"0013a20040ebc9eb";"AA0295";"sin datos 1 mes"
"146";"0013a20040ebc9f8";"AA0297";"sin datos 1 mes"
"147";"0013a20040ebc9fc";"AA0298";"sin datos 1 mes"
"148";"0013a20040ebc9fe";"AA0301";"sin datos 1 mes"
"149";"0013a20040ebc9e2";"AA0304";"sin datos 1 mes"
"150";"0013a20040ebc9ee";"AA0305";"sin datos 1 mes"
"151";"0013a20040ebc9fd";"AA0307";"sin datos 1 mes"
"152";"0013a20040ebc8ba";"AA0308";"sin datos 1 mes"
"153";"0013a20040ebc9e5";"AA0309";"sin datos 1 mes"
"154";"0013a20040ebc9e4";"AA0310";"sin datos 1 mes"
"155";"0013a20040ebc962";"AA0314";"sin datos 1 mes"
"156";"0013a20040ebc965";"AA0315";"sin datos 1 mes"
"157";"0013a20040ebc95e";"AA0316";"sin datos 1 mes"
"158";"0013a20040ebca02";"AA0317";"sin datos 1 mes"
"159";"0013a20040ebc97a";"AA0318";"sin datos 1 mes"
"160";"0013a20040ebc967";"AA0324";"sin datos 1 mes"
"161";"0013a20040ebc983";"AA0325";"sin datos 1 mes"
"162";"0013a20040ebc949";"AA0326";"sin datos 1 mes"
"163";"0013a20040ebc94b";"AA0332";"sin datos 1 mes"
"164";"0013a20040ebc945";"AA0335";"sin datos 1 mes"
"165";"0013a20040ebc88f";"AA0337";"sin datos 1 mes"
"166";"0013a20040ebca2c";"AA0340";"sin datos 1 mes"
"167";"0013a20040ebc8b3";"AA0342";"sin datos 1 mes"
"168";"0013a20040ebca2b";"AA0344";"sin datos 1 mes"
"169";"0013a20040ebca26";"AA0349";"sin datos 1 mes"
"170";"0013a20040ebca25";"AA0350";"sin datos 1 mes"
"171";"0013a20040ebca19";"AA0351";"sin datos 1 mes"
"172";"0013a20040ebca23";"AA0352";"sin datos 1 mes"
"173";"0013a20040ebca20";"AA0356";"sin datos 1 mes"
"174";"0013a20040ebca2a";"AA0357";"sin datos 1 mes"
"175";"0013a20040ebc88b";"AA0361";"sin datos 1 mes"
"176";"0013a20040ebc88c";"AA0364";"sin datos 1 mes"
"177";"0013a20040ebc89d";"AA0365";"sin datos 1 mes"
"178";"0013a20040ebc88d";"AA0366";"sin datos 1 mes"
"179";"0013a20040ebc9e8";"AA0371";"sin datos 1 mes"
"180";"0013a20040ebc944";"AA0372";"sin datos 1 mes"
"181";"0013a20040ebc938";"AA0373";"sin datos 1 mes"
"182";"0013a20040ebc935";"AA0376";"sin datos 1 mes"
"183";"0013a20040ebc982";"AA0381";"sin datos 1 mes"
"184";"0013a20040ebc986";"AA0383";"sin datos 1 mes"
"185";"0013a20040ebc947";"AA0385";"sin datos 1 mes"
"186";"0013a20040ebc8cb";"AA0387";"sin datos 1 mes"
"187";"0013a20040ebc8c3";"AA0389";"sin datos 1 mes"
"188";"0013a20040ebc8d5";"AA0391";"sin datos 1 mes"
"189";"0013a20040ebc8d2";"AA0393";"sin datos 1 mes"
"190";"0013a20040ebc8ca";"AA0394";"sin datos 1 mes"
"191";"0013a20040ebc8c7";"AA0395";"sin datos 1 mes"
"192";"0013a20040ebc8db";"AA0398";"sin datos 1 mes"
"193";"0013a20040ebc8dc";"AA0399";"sin datos 1 mes"
"194";"0013a20040ebc8d9";"AA0400";"sin datos 1 mes"
"195";"0013a20040ebc9de";"AA0407";"sin datos 1 mes"
"196";"0013a20040ebc9f4";"AA0409";"sin datos 1 mes"
"197";"0013a20040ebc9f3";"AA0410";"sin datos 1 mes"
"198";"0013a20040ebca42";"AA0411";"sin datos 1 mes"
"199";"0013a20040ebca3d";"AA0413";"sin datos 1 mes"
"200";"0013a20040ebca34";"AA0414";"sin datos 1 mes"
"201";"0013a20040ebca46";"AA0415";"sin datos 1 mes"
"202";"0013a20040ebca45";"AA0416";"sin datos 1 mes"
"203";"0013a20040ebca53";"AA0417";"sin datos 1 mes"
"204";"0013a20040ebca50";"AA0419";"sin datos 1 mes"
"205";"0013a20040ebc8c1";"AA0424";"sin datos 1 mes"
"206";"0013a20040ebca3f";"AA0425";"sin datos 1 mes"
"207";"0013a20040ebca03";"AA0426";"sin datos 1 mes"
"208";"0013a20040ebca52";"AA0428";"sin datos 1 mes"
"209";"0013a20040ebcd6d";"AA0430";"sin datos 1 mes"
"210";"0013a20040ebca37";"AA0431";"sin datos 1 mes"
"211";"0013a20040ebc8ce";"AA0433";"sin datos 1 mes"
"212";"0013a20040ebc97f";"AA0437";"sin datos 1 mes"
"213";"0013a20040ebc966";"AA0442";"sin datos 1 mes"
"214";"0013a20040ebca01";"AA0444";"sin datos 1 mes"
"215";"0013a20040ebc8d7";"AA0446";"sin datos 1 mes"
"216";"0013a20040ebc8de";"AA0447";"sin datos 1 mes"
"217";"0013a20040ebc8d6";"AA0448";"sin datos 1 mes"
"218";"0013a20040ebc97c";"AA0450";"sin datos 1 mes"
"219";"0013a20040ebc8c5";"AA0451";"sin datos 1 mes"
"220";"0013a20040ebca32";"AA0453";"sin datos 1 mes"
"221";"0013a20040ebc957";"AA0456";"sin datos 1 mes"
"222";"0013a20040ebca31";"AA0457";"sin datos 1 mes"
"223";"0013a20040ebca59";"AA0461";"sin datos 1 mes"
"224";"0013a2004102e86f";"AA0462";"sin datos 1 mes"
"225";"0013a2004102e86c";"AA0463";"sin datos 1 mes"
"226";"0013a2004102e86d";"AA0466";"sin datos 1 mes"
"227";"0013a2004102e86a";"AA0468";"sin datos 1 mes"
"228";"0013a2004102e868";"AA0470";"sin datos 1 mes"
"229";"0013a2004102e85f";"AA0471";"sin datos 1 mes"
"230";"0013a2004102e881";"AA0472";"sin datos 1 mes"
"231";"0013a2004102e884";"AA0473";"sin datos 1 mes"
"232";"0013a2004102e873";"AA0474";"sin datos 1 mes"
"233";"0013a2004102e874";"AA0475";"sin datos 1 mes"
"234";"0013a2004102e889";"AA0477";"sin datos 1 mes"
"235";"0013a2004102e872";"AA0478";"sin datos 1 mes"
"236";"0013a2004102e875";"AA0480";"sin datos 1 mes"
"237";"0013a2004102e871";"AA0482";"sin datos 1 mes"
"238";"0013a2004102e877";"AA0485";"sin datos 1 mes"
"239";"0013a20040ebcd39";"AA0487";"sin datos 1 mes"
"240";"0013a20040ebcd6f";"AA0495";"sin datos 1 mes"
"241";"0013a20040ebcd6b";"AA0496";"sin datos 1 mes"
"242";"0013a20040ebcc86";"AA0497";"sin datos 1 mes"
"243";"0013a20040ebcc84";"AA0498";"sin datos 1 mes"
"244";"0013a20040ebcc83";"AA0500";"sin datos 1 mes"
"245";"0013a20040ebcd60";"AA0501";"sin datos 1 mes"
"246";"0013a20040ebcd67";"AA0503";"sin datos 1 mes"
"247";"0013a20040ebcc8b";"AA0504";"sin datos 1 mes"
"248";"0013a20040ebcd6e";"AA0505";"sin datos 1 mes"
"249";"0013a20040ebcd6c";"AA0507";"sin datos 1 mes"
"250";"0013a20040ebcd6a";"AA0508";"sin datos 1 mes"
"251";"0013a20040ebcd66";"AA0509";"sin datos 1 mes"
"252";"0013a20040ebcd62";"AA0510";"sin datos 1 mes"
"253";"0013a20040ebc899";"AA0518";"sin datos 1 mes"
"254";"0013a20040ebc894";"AA0519";"sin datos 1 mes"
"255";"0013a20040ebb02b";"AA0521";"sin datos 1 mes"
"256";"0013a20040ebc897";"AA0524";"sin datos 1 mes"
"257";"0013a20040ebb01b";"AA0527";"sin datos 1 mes"
"258";"0013a20040ebb024";"AA0528";"sin datos 1 mes"
"259";"0013a20040ebb025";"AA0529";"sin datos 1 mes"
"260";"0013a20040ebb023";"AA0530";"sin datos 1 mes"
"261";"0013a20040ebb020";"AA0531";"sin datos 1 mes"
"262";"0013a20040ebae7d";"AA0538";"sin datos 1 mes"
"263";"0013a20040ebaf28";"AA0540";"sin datos 1 mes"
"264";"0013a20040ebaf2c";"AA0542";"sin datos 1 mes"
"265";"0013a20040ebaf27";"AA0543";"sin datos 1 mes"
"266";"0013a20040ebaf3c";"AA0544";"sin datos 1 mes"
"267";"0013a20040ebaf48";"AA0546";"sin datos 1 mes"
"268";"0013a20040ebaf5d";"AA0550";"sin datos 1 mes"
"269";"0013a20040ebaff3";"AA0553";"sin datos 1 mes"
"270";"0013a20040ebaff0";"AA0554";"sin datos 1 mes"
"271";"0013a20040ebafe5";"AA0555";"sin datos 1 mes"
"272";"0013a20040ebafe6";"AA0556";"sin datos 1 mes"
"273";"0013a20040ebxxxx";"AA0557";"sin datos 1 mes"
"274";"0013a20040ebxxxx";"AA0558";"sin datos 1 mes"
"275";"0013a20040ebxxxx";"AA0560";"sin datos 1 mes"
"276";"0013a20040ebxxxx";"AA0562";"sin datos 1 mes"
"277";"0013a20040ebccce";"AA0563";"sin datos 1 mes"
"278";"0013a20040ebccb8";"AA0566";"sin datos 1 mes"
"279";"0013a20040ebcccb";"AA0568";"sin datos 1 mes"
"280";"0013a20040ebcccc";"AA0569";"sin datos 1 mes"
"281";"0013a20040ebccbe";"AA0576";"sin datos 1 mes"
"282";"0013a20040ebcce0";"AA0581";"sin datos 1 mes"
"283";"0013a20040ebcce3";"AA0587";"sin datos 1 mes"
"284";"0013a20040ebccdf";"AA0588";"sin datos 1 mes"
"285";"0013a20040ebccdb";"AA0589";"sin datos 1 mes"
"286";"0013a20040ebccfb";"AA0590";"sin datos 1 mes"
"287";"0013a20040ebccec";"AA0591";"sin datos 1 mes"
"288";"0013a20040ebcce6";"AA0592";"sin datos 1 mes"
"289";"0013a20040ebcce7";"AA0593";"sin datos 1 mes"
"290";"0013a20040ebcce4";"AA0594";"sin datos 1 mes"
"291";"0013a20040ebccdc";"AA0595";"sin datos 1 mes"
"292";"0013a20040ebccfd";"AA0598";"sin datos 1 mes"
"293";"0013a20040ebcce8";"AA0600";"sin datos 1 mes"
"294";"0013a20040ebccef";"AA0601";"sin datos 1 mes"
"295";"0013a20040ebccf4";"AA0603";"sin datos 1 mes"
"296";"0013a20040ebccf5";"AA0605";"sin datos 1 mes"
"297";"0013a20040ebccfc";"AA0607";"sin datos 1 mes"
"298";"0013a20040ebcced";"AA0608";"sin datos 1 mes"
"299";"0013a20040ebcce2";"AA0609";"sin datos 1 mes"
"300";"0013a20040ebxxxx";"AA0612";"sin datos 1 mes"
"301";"0013a20040ebaf65";"AA0614";"sin datos 1 mes"
"302";"0013a20040ebaf67";"AA0617";"sin datos 1 mes"
"303";"0013a20040ebxxxx";"AA0618";"sin datos 1 mes"
"304";"0013a20040ebaf3a";"AA0619";"sin datos 1 mes"
"305";"0013a20040ebaf56";"AA0620";"sin datos 1 mes"
"306";"0013a20040ebaf4f";"AA0622";"sin datos 1 mes"
"307";"0013a20040ebaf62";"AA0623";"sin datos 1 mes"
"308";"0013a20040ebaf63";"AA0625";"sin datos 1 mes"
"309";"0013a20040ebaf58";"AA0626";"sin datos 1 mes"
"310";"0013a20040ebaf42";"AA0627";"sin datos 1 mes"
"311";"0013a20040ebb016";"AA0631";"sin datos 1 mes"
"312";"0013a20040ebb015";"AA0632";"sin datos 1 mes"
"313";"0013a20040ebb012";"AA0634";"sin datos 1 mes"
"314";"0013a20041533147";"AA0638";"sin datos 1 mes"
"315";"0013a20040ebca1b";"AA0639";"sin datos 1 mes"
"316";"0013a20040ebae17";"AA0640";"sin datos 1 mes"
"317";"0013a20040ebca4b";"AA0641";"sin datos 1 mes"
"318";"0013a20040ebca57";"AA0643";"sin datos 1 mes"
"319";"0013a20040ebca41";"AA0646";"sin datos 1 mes"
"320";"0013a20040ebca1e";"AA0647";"sin datos 1 mes"
"321";"0013a20040ebca1c";"AA0648";"sin datos 1 mes"
"322";"0013a20040ebc8af";"AA0649";"sin datos 1 mes"
"323";"0013a20040ebca22";"AA0652";"sin datos 1 mes"
"324";"0013a20040ebca21";"AA0653";"sin datos 1 mes"
"325";"0013a20040ebc8aa";"AA0655";"sin datos 1 mes"
"326";"0013a20040ebc890";"AA0656";"sin datos 1 mes"
"327";"0013a20040ebc8b0";"AA0658";"sin datos 1 mes"
"328";"0013a20040ebc8a9";"AA0659";"sin datos 1 mes"
"329";"0013a20040ebc89f";"AA0660";"sin datos 1 mes"
"330";"0013a20040ebc8ae";"AA0662";"sin datos 1 mes"
"331";"0013a20040ebc8b2";"AA0663";"sin datos 1 mes"
"332";"0013a20040ebcc89";"AA0664";"sin datos 1 mes"
"333";"0013a20040ebcc85";"AA0665";"sin datos 1 mes"
"334";"0013a20040ebcc91";"AA0666";"sin datos 1 mes"
"335";"0013a20040ebcca8";"AA0667";"sin datos 1 mes"
"336";"0013a20040ebcc93";"AA0670";"sin datos 1 mes"
"337";"0013a20040ebccae";"AA0672";"sin datos 1 mes"
"338";"0013a20040ebccbb";"AA0673";"sin datos 1 mes"
"339";"0013a20040ebccbd";"AA0677";"sin datos 1 mes"
"340";"0013a20040ebcc82";"AA0679";"sin datos 1 mes"
"341";"0013a20040ebcc87";"AA0680";"sin datos 1 mes"
"342";"0013a20040ebcc8c";"AA0681";"sin datos 1 mes"
"343";"0013a20040ebcc9a";"AA0683";"sin datos 1 mes"
"344";"0013a20040ebcd4d";"AA0685";"sin datos 1 mes"
"345";"0013a20040ebaece";"AA0686";"sin datos 1 mes"
"346";"0013a20040ebaebc";"AA0687";"sin datos 1 mes"
"347";"0013a20040ebaecc";"AA0690";"sin datos 1 mes"
"348";"0013a20040ebaeb6";"AA0691";"sin datos 1 mes"
"349";"0013a20040ebaec2";"AA0693";"sin datos 1 mes"
"350";"0013a20040ebaeb3";"AA0698";"sin datos 1 mes"
"351";"0013a20040ebaeb5";"AA0701";"sin datos 1 mes"
"352";"0013a20040ebaeb4";"AA0702";"sin datos 1 mes"
"353";"0013a20040ebaeb0";"AA0703";"sin datos 1 mes"
"354";"0013a20040ebaeae";"AA0705";"sin datos 1 mes"
"355";"0013a20040ebaead";"AA0707";"sin datos 1 mes"
"356";"0013a20040ebaeb2";"AA0708";"sin datos 1 mes"
"357";"0013a20040ebaeaa";"AA0709";"sin datos 1 mes"
"358";"0013a20040ebae20";"AA0711";"sin datos 1 mes"
"359";"0013a20040ebae1a";"AA0712";"sin datos 1 mes"
"360";"0013a20040ebae1b";"AA0713";"sin datos 1 mes"
"361";"0013a20040ebadf2";"AA0717";"sin datos 1 mes"
"362";"0013a20040ebadee";"AA0718";"sin datos 1 mes"
"363";"0013a20040ebae16";"AA0719";"sin datos 1 mes"
"364";"0013a20040ebae0e";"AA0722";"sin datos 1 mes"
"365";"0013a20040ebae0f";"AA0724";"sin datos 1 mes"
"366";"0013a20040ebae0b";"AA0727";"sin datos 1 mes"
"367";"0013a20040ebae12";"AA0729";"sin datos 1 mes"
"368";"0013a20040ebca1a";"AA0730";"sin datos 1 mes"
"369";"0013a20040ebadcc";"AA0732";"sin datos 1 mes"
"370";"0013a20040f5ca65";"AA0736";"sin datos 1 mes"
"371";"0013a20040f5ca6e";"AA0739";"sin datos 1 mes"
"372";"0013a20040ebb1e8";"AA0740";"sin datos 1 mes"
"373";"0013a20040f5ca6d";"AA0742";"sin datos 1 mes"
"374";"0013a20040f5ca70";"AA0743";"sin datos 1 mes"
"375";"0013a20040f5ca71";"AA0744";"sin datos 1 mes"
"376";"0013a20040f5ca66";"AA0745";"sin datos 1 mes"
"377";"0013a20040f5ca82";"AA0748";"sin datos 1 mes"
"378";"0013a20040f5ca77";"AA0752";"sin datos 1 mes"
"379";"0013a20040f5ca74";"AA0753";"sin datos 1 mes"
"380";"0013a20040f5ca72";"AA0756";"sin datos 1 mes"
"381";"0013a20040f5ca76";"AA0757";"sin datos 1 mes"
"382";"0013a20040ebb173";"AA0762";"sin datos 1 mes"
"383";"0013a20040ebb184";"AA0764";"sin datos 1 mes"
"384";"0013a20040ebb17a";"AA0765";"sin datos 1 mes"
"385";"0013a20040ebb17f";"AA0766";"sin datos 1 mes"
"386";"0013a20040ebb180";"AA0767";"sin datos 1 mes"
"387";"0013a20040ebb18c";"AA0768";"sin datos 1 mes"
"388";"0013a20040ebb193";"AA0769";"sin datos 1 mes"
"389";"0013a20040ebb19a";"AA0770";"sin datos 1 mes"
"390";"0013a20040ebb17e";"AA0772";"sin datos 1 mes"
"391";"0013a20040ebb18b";"AA0773";"sin datos 1 mes"
"392";"0013a20040ebb142";"AA0774";"sin datos 1 mes"
"393";"0013a20040ebb137";"AA0776";"sin datos 1 mes"
"394";"0013a20040ebb17c";"AA0777";"sin datos 1 mes"
"395";"0013a20040ebb18d";"AA0778";"sin datos 1 mes"
"396";"0013a20040ebb181";"AA0779";"sin datos 1 mes"
"397";"0013a20040ebb139";"AA0780";"sin datos 1 mes"
"398";"0013a20040ebb187";"AA0781";"sin datos 1 mes"
"399";"0013a20040ebb13e";"AA0782";"sin datos 1 mes"
"400";"0013a20040ebb13f";"AA0784";"sin datos 1 mes"
"401";"0013a20040ebb141";"AA0785";"sin datos 1 mes"
"402";"0013a20040ebaf5c";"AA0786";"sin datos 1 mes"
"403";"0013a20040ebaf6e";"AA0787";"sin datos 1 mes"
"404";"0013a20040ebaf72";"AA0788";"sin datos 1 mes"
"405";"0013a20040ebaf70";"AA0790";"sin datos 1 mes"
"406";"0013a20040ebaf55";"AA0791";"sin datos 1 mes"
"407";"0013a20040ebaf36";"AA0794";"sin datos 1 mes"
"408";"0013a20040ebaf4c";"AA0795";"sin datos 1 mes"
"409";"0013a20040ebaf68";"AA0796";"sin datos 1 mes"
"410";"0013a20040ebaf6b";"AA0797";"sin datos 1 mes"
"411";"0013a20040ebaf61";"AA0798";"sin datos 1 mes"
"412";"0013a20040ebaf66";"AA0799";"sin datos 1 mes"
"413";"0013a20040ebaf6c";"AA0800";"sin datos 1 mes"
"414";"0013a20040ebaf50";"AA0804";"sin datos 1 mes"
"415";"0013a20040ebaf60";"AA0806";"sin datos 1 mes"
"416";"0013a20040ebaf57";"AA0807";"sin datos 1 mes"
"417";"0013a20040ebaf51";"AA0809";"sin datos 1 mes"
"418";"0013a20040ebaf4b";"AA0810";"sin datos 1 mes"
"419";"0013a20040ebaca0";"AA0811";"sin datos 1 mes"
"420";"0013a20040ebaca3";"AA0812";"sin datos 1 mes"
"421";"0013a20040ebacae";"AA0815";"sin datos 1 mes"
"422";"0013a20040ebacc3";"AA0817";"sin datos 1 mes"
"423";"0013a20040ebac9e";"AA0819";"sin datos 1 mes"
"424";"0013a20040ebaca9";"AA0822";"sin datos 1 mes"
"425";"0013a20040ebac85";"AA0826";"sin datos 1 mes"
"426";"0013a20040ebac99";"AA0827";"sin datos 1 mes"
"427";"0013a20040ebac86";"AA0829";"sin datos 1 mes"
"428";"0013a20040ebac87";"AA0830";"sin datos 1 mes"
"429";"0013a20040ebac7e";"AA0831";"sin datos 1 mes"
"430";"0013a20040ebac97";"AA0832";"sin datos 1 mes"
"431";"0013a20040ebac94";"AA0834";"sin datos 1 mes"
"432";"0013a20040ebac88";"AA0835";"sin datos 1 mes"
"433";"0013a20040f5ca94";"AA0836";"sin datos 1 mes"
"434";"0013a20040f5ca8b";"AA0837";"sin datos 1 mes"
"435";"0013a20040f5ca87";"AA0838";"sin datos 1 mes"
"436";"0013a20040f5ca88";"AA0839";"sin datos 1 mes"
"437";"0013a20040f62fd5";"AA0841";"sin datos 1 mes"
"438";"0013a20040f5ca8a";"AA0842";"sin datos 1 mes"
"439";"0013a20040f5ca8c";"AA0843";"sin datos 1 mes"
"440";"0013a20040f5ca92";"AA0845";"sin datos 1 mes"
"441";"0013a20040f5ca8e";"AA0846";"sin datos 1 mes"
"442";"0013a20040f5ca89";"AA0848";"sin datos 1 mes"
"443";"0013a20040f5ca8f";"AA0849";"sin datos 1 mes"
"444";"0013a20040f5ca91";"AA0850";"sin datos 1 mes"
"445";"0013a20040f5ca7c";"AA0851";"sin datos 1 mes"
"446";"0013a20040f5ca7e";"AA0852";"sin datos 1 mes"
"447";"0013a20040f5ca96";"AA0855";"sin datos 1 mes"
"448";"0013a20040f5ca79";"AA0856";"sin datos 1 mes"
"449";"0013a20040f5ca6b";"AA0857";"sin datos 1 mes"
"450";"0013a20040f5ca7a";"AA0860";"sin datos 1 mes"
"451";"0013a20040ebaffa";"AA0861";"sin datos 1 mes"
"452";"0013a20040ebafff";"AA0862";"sin datos 1 mes"
"453";"0013a20040ebb019";"AA0865";"sin datos 1 mes"
"454";"0013a20040ebaff7";"AA0867";"sin datos 1 mes"
"455";"0013a20040ebb00a";"AA0869";"sin datos 1 mes"
"456";"0013a20040ebb000";"AA0870";"sin datos 1 mes"
"457";"0013a20040ebaffd";"AA0871";"sin datos 1 mes"
"458";"0013a20040ebaffc";"AA0872";"sin datos 1 mes"
"459";"0013a20040ebb009";"AA0873";"sin datos 1 mes"
"460";"0013a20040ebaffb";"AA0874";"sin datos 1 mes"
"461";"0013a20040ebaff9";"AA0876";"sin datos 1 mes"
"462";"0013a20040ebb007";"AA0879";"sin datos 1 mes"
"463";"0013a20040ebb005";"AA0880";"sin datos 1 mes"
"464";"0013a20040ebb00e";"AA0882";"sin datos 1 mes"
"465";"0013a20040ebcccf";"AA0883";"sin datos 1 mes"
"466";"0013a20040ebccb2";"AA0885";"sin datos 1 mes"
"467";"0013a20040ebxxxx";"AA0887";"sin datos 1 mes"
"468";"0013a20040ebccbc";"AA0890";"sin datos 1 mes"
"469";"0013a20040ebccb0";"AA0892";"sin datos 1 mes"
"470";"0013a20040ebccaf";"AA0893";"sin datos 1 mes"
"471";"0013a20040ebccb1";"AA0894";"sin datos 1 mes"
"472";"0013a20040ebccd2";"AA0896";"sin datos 1 mes"
"473";"0013a20040ebccc2";"AA0900";"sin datos 1 mes"
"474";"0013a20040ebccd4";"AA0903";"sin datos 1 mes"
"475";"0013a20040ebccc7";"AA0904";"sin datos 1 mes"
"476";"0013a20040ebccc6";"AA0905";"sin datos 1 mes"
"477";"0013a20040ebccd9";"AA0907";"sin datos 1 mes"
"478";"0013a20040ebadd6";"AA0909";"sin datos 1 mes"
"479";"0013a20040ebadd8";"AA0912";"sin datos 1 mes"
"480";"0013a20040ebadd2";"AA0914";"sin datos 1 mes"
"481";"0013a20040ebaddb";"AA0915";"sin datos 1 mes"
"482";"0013a20040ebadda";"AA0917";"sin datos 1 mes"
"483";"0013a20040ebaddd";"AA0919";"sin datos 1 mes"
"484";"0013a20040ebadfb";"AA0920";"sin datos 1 mes"
"485";"0013a20040ebade0";"AA0921";"sin datos 1 mes"
"486";"0013a20040ebadd4";"AA0922";"sin datos 1 mes"
"487";"0013a20040ebade4";"AA0923";"sin datos 1 mes"
"488";"0013a20040ebadb6";"AA0926";"sin datos 1 mes"
"489";"0013a20040ebae00";"AA0927";"sin datos 1 mes"
"490";"0013a20040ebade2";"AA0928";"sin datos 1 mes"
"491";"0013a20040ebade6";"AA0930";"sin datos 1 mes"
"492";"0013a20040ebae01";"AA0931";"sin datos 1 mes"
"493";"0013a20040ebade7";"AA0932";"sin datos 1 mes"
"494";"0013a20040ebacc4";"AA0936";"sin datos 1 mes"
"495";"0013a20040ebacb7";"AA0938";"sin datos 1 mes"
"496";"0013a20040ebacbc";"AA0941";"sin datos 1 mes"
"497";"0013a20040ebaca4";"AA0943";"sin datos 1 mes"
"498";"0013a20040ebaca2";"AA0944";"sin datos 1 mes"
"499";"0013a20040ebacab";"AA0946";"sin datos 1 mes"
"500";"0013a20040ebacc1";"AA0947";"sin datos 1 mes"
"501";"0013a20040ebacba";"AA0948";"sin datos 1 mes"
"502";"0013a20040ebacbb";"AA0949";"sin datos 1 mes"
"503";"0013a20040ebaca1";"AA0950";"sin datos 1 mes"
"504";"0013a20040ebacb5";"AA0952";"sin datos 1 mes"
"505";"0013a20040ebaea4";"AA0953";"sin datos 1 mes"
"506";"0013a20040ebaf30";"AA0960";"sin datos 1 mes"
"507";"0013a20040ebaf3b";"AA0962";"sin datos 1 mes"
"508";"0013a20040ebaf39";"AA0963";"sin datos 1 mes"
"509";"0013a20040ebaf6d";"AA0964";"sin datos 1 mes"
"510";"0013a20040ebb03d";"AA0967";"sin datos 1 mes"
"511";"0013a20040ebb008";"AA0969";"sin datos 1 mes"
"512";"0013a20040ebxxxx";"AA0971";"sin datos 1 mes"
"513";"0013a20040ebaf31";"AA0973";"sin datos 1 mes"
"514";"0013a20040ebaf3f";"AA0974";"sin datos 1 mes"
"515";"0013a20040ebb039";"AA0977";"sin datos 1 mes"
"516";"0013a20040ebb03c";"AA0979";"sin datos 1 mes"
"517";"0013a20040ebb03f";"AA0980";"sin datos 1 mes"
"518";"0013a20040ebb03b";"AA0981";"sin datos 1 mes"
"519";"0013a20040ebb03e";"AA0982";"sin datos 1 mes"
"520";"0013a20040ebb035";"AA0983";"sin datos 1 mes"
"521";"0013a20040ebb03a";"AA0984";"sin datos 1 mes"
"522";"0013a20040ebb02a";"AA0988";"sin datos 1 mes"
"523";"0013a20040ebaf29";"AA0991";"sin datos 1 mes"
"524";"0013a20040ebb028";"AA0993";"sin datos 1 mes"
"525";"0013a20040ebb006";"AA0994";"sin datos 1 mes"
"526";"0013a20040ebb037";"AA0995";"sin datos 1 mes"
"527";"0013a20040ebb031";"AA0997";"sin datos 1 mes"
"528";"0013a20040ebb001";"AA0998";"sin datos 1 mes"
"529";"0013a20040ebaff6";"AA0999";"sin datos 1 mes"
"530";"0013a20040f526d9";"AA1000";"sin datos 1 mes"
"531";"0013a20040ebb036";"AA1001";"sin datos 1 mes"
"532";"0013a20040ebb02f";"AA1004";"sin datos 1 mes"
"533";"0013a20040ebb02e";"AA1006";"sin datos 1 mes"
"534";"0013a20040ebb032";"AA1007";"sin datos 1 mes"
"535";"0013a20040ebb038";"AA1010";"sin datos 1 mes"
"536";"0013a20040ebafd6";"AA1013";"sin datos 1 mes"
"537";"0013a20040ebafeb";"AA1015";"sin datos 1 mes"
"538";"0013a20040ebafe3";"AA1018";"sin datos 1 mes"
"539";"0013a20040ebafe4";"AA1020";"sin datos 1 mes"
"540";"0013a20040ebafe8";"AA1022";"sin datos 1 mes"
"541";"0013a20040ebafdf";"AA1024";"sin datos 1 mes"
"542";"0013a20040ebafd2";"AA1027";"sin datos 1 mes"
"543";"0013a20040ebafd4";"AA1031";"sin datos 1 mes"
"544";"0013a20040ebafd1";"AA1032";"sin datos 1 mes"
"545";"0013a20040ebafe0";"AA1033";"sin datos 1 mes"
"546";"0013a20040ebcab8";"AA1038";"sin datos 1 mes"
"547";"0013a20040ebcab6";"AA1039";"sin datos 1 mes"
"548";"0013a20040ebcab9";"AA1041";"sin datos 1 mes"
"549";"0013a2004102ea02";"AA1045";"sin datos 1 mes"
"550";"0013a20040ebcd58";"AA1048";"sin datos 1 mes"
"551";"0013a2004102ea01";"AA1049";"sin datos 1 mes"
"552";"0013a2004102e84d";"AA1050";"sin datos 1 mes"
"553";"0013a20040ebcd47";"AA1051";"sin datos 1 mes"
"554";"0013a20040ebcd44";"AA1056";"sin datos 1 mes"
"555";"0013a20040ebcd5f";"AA1057";"sin datos 1 mes"
"556";"0013a20040ebb0b6";"AA1058";"sin datos 1 mes"
"557";"0013a20040ebcd28";"AA1060";"sin datos 1 mes"
"558";"0013a20040ebcd5c";"AA1061";"sin datos 1 mes"
"559";"0013a20040ebcd30";"AA1064";"sin datos 1 mes"
"560";"0013a20040ebcd2f";"AA1065";"sin datos 1 mes"
"561";"0013a20040ebcd2d";"AA1067";"sin datos 1 mes"
"562";"0013a20040ebcd33";"AA1069";"sin datos 1 mes"
"563";"0013a20040ebcd24";"AA1070";"sin datos 1 mes"
"564";"0013a20040ebcd29";"AA1071";"sin datos 1 mes"
"565";"0013a20040ebcc8f";"AA1076";"sin datos 1 mes"
"566";"0013a20040ebxxxx";"AA1077";"sin datos 1 mes"
"567";"0013a2004102ea03";"AA1078";"sin datos 1 mes"
"568";"0013a20040ebcab4";"AA1081";"sin datos 1 mes"
"569";"0013a20040ebcc9e";"AA1082";"sin datos 1 mes"
"570";"0013a20040ebcc9c";"AA1083";"sin datos 1 mes"
"571";"0013a20040ebcc99";"AA1085";"sin datos 1 mes"
"572";"0013a20040ebccac";"AA1086";"sin datos 1 mes"
"573";"0013a20040ebcd1e";"AA1087";"sin datos 1 mes"
"574";"0013a2004102e9f5";"AA1090";"sin datos 1 mes"
"575";"0013a2004102e9e6";"AA1092";"sin datos 1 mes"
"576";"0013a20040ebcc96";"AA1096";"sin datos 1 mes"
"577";"0013a20040ebcca2";"AA1097";"sin datos 1 mes"
"578";"0013a2004102e9ff";"AA1100";"sin datos 1 mes"
"579";"0013a20040ebcc9f";"AA1101";"sin datos 1 mes"
"580";"0013a20040ebcd5e";"AA1105";"sin datos 1 mes"
"581";"0013a20040ebccd7";"AA1108";"sin datos 1 mes"
"582";"0013a20040ebb0a7";"AA1111";"sin datos 1 mes"
"583";"0013a20040ebb0ae";"AA1113";"sin datos 1 mes"
"584";"0013a20040ebb0b0";"AA1114";"sin datos 1 mes"
"585";"0013a20040ebb0a8";"AA1115";"sin datos 1 mes"
"586";"0013a20040ebb0ac";"AA1117";"sin datos 1 mes"
"587";"0013a20040ebb0b5";"AA1120";"sin datos 1 mes"
"588";"0013a20040ebb0b2";"AA1121";"sin datos 1 mes"
"589";"0013a20040ebb0a5";"AA1122";"sin datos 1 mes"
"590";"0013a20040ebxxxx";"AA1123";"sin datos 1 mes"
"591";"0013a20040ebcd31";"AA1126";"sin datos 1 mes"
"592";"0013a20040ebb0c3";"AA1128";"sin datos 1 mes"
"593";"0013a20040ebb0b9";"AA1129";"sin datos 1 mes"
"594";"0013a20040ebb0c0";"AA1132";"sin datos 1 mes"
"595";"0013a20040ebb0be";"AA1135";"sin datos 1 mes"
"596";"0013a20040ebaed8";"AA1139";"sin datos 1 mes"
"597";"0013a20040ebaef5";"AA1142";"sin datos 1 mes"
"598";"0013a20040ebb09f";"AA1144";"sin datos 1 mes"
"599";"0013a20040ebb01c";"AA1145";"sin datos 1 mes"
"600";"0013a20040ebb09b";"AA1149";"sin datos 1 mes"
"601";"0013a20040ebb01f";"AA1150";"sin datos 1 mes"
"602";"0013a20040ebb0a2";"AA1151";"sin datos 1 mes"
"603";"0013a20040ebcd42";"AA1152";"sin datos 1 mes"
"604";"0013a20040ebb0a3";"AA1153";"sin datos 1 mes"
"605";"0013a20040ebb09e";"AA1154";"sin datos 1 mes"
"606";"0013a20040ebb0a9";"AA1159";"sin datos 1 mes"
"607";"0013a20040ebb0aa";"AA1160";"sin datos 1 mes"
"608";"0013a20040ebb0a0";"AA1161";"sin datos 1 mes"
"609";"0013a20040ebcd40";"AA1162";"sin datos 1 mes"
"610";"0013a20040ebcd4e";"AA1163";"sin datos 1 mes"
"611";"0013a20040ebcd50";"AA1165";"sin datos 1 mes"
"612";"0013a20040ebcd54";"AA1166";"sin datos 1 mes"
"613";"0013a20040ebcd3e";"AA1168";"sin datos 1 mes"
"614";"0013a20040ebcd4b";"AA1169";"sin datos 1 mes"
"615";"0013a20040ebcd53";"AA1170";"sin datos 1 mes"
"616";"0013a20040ebcd52";"AA1171";"sin datos 1 mes"
"617";"0013a20040ebcd56";"AA1173";"sin datos 1 mes"
"618";"0013a20040ebcd41";"AA1174";"sin datos 1 mes"
"619";"0013a20040ebxxxx";"AA1176";"sin datos 1 mes"
"620";"0013a20040ebcd68";"AA1177";"sin datos 1 mes"
"621";"0013a20040ebcd43";"AA1178";"sin datos 1 mes"
"622";"0013a20040ebcd55";"AA1181";"sin datos 1 mes"
"623";"0013a20040ebcd5b";"AA1185";"sin datos 1 mes"
"624";"0013a20040f62fcc";"AA1186";"sin datos 1 mes"
"625";"0013a20040f62fdf";"AA1188";"sin datos 1 mes"
"626";"0013a20040f62fdc";"AA1190";"sin datos 1 mes"
"627";"0013a20040f62feb";"AA1194";"sin datos 1 mes"
"628";"0013a20040f62fea";"AA1195";"sin datos 1 mes"
"629";"0013a20040f62fce";"AA1197";"sin datos 1 mes"
"630";"0013a20040f6xxxx";"AA1198";"sin datos 1 mes"
"631";"0013a20040f62fd8";"AA1199";"sin datos 1 mes"
"632";"0013a20040f62fe3";"AA1200";"sin datos 1 mes"
"633";"0013a20040ebb0f5";"AA0087";"baja conectividad"
"634";"0013a20040ebae09";"AA0196";"baja conectividad"
"635";"0013a20040ebca58";"AA0267";"baja conectividad"
"636";"0013a20040ebca48";"AA0270";"baja conectividad"
"637";"0013a20040ebc94c";"AA0331";"baja conectividad"
"638";"0013a20040ebca0f";"AA0360";"baja conectividad"
"639";"0013a20040ebc8cb";"AA0387";"baja conectividad"
"640";"0013a20040ebca53";"AA0417";"baja conectividad"
"641";"0013a2004102e86c";"AA0463";"baja conectividad"
"642";"0013a20040ebcd32";"AA0488";"baja conectividad"
"643";"0013a20040ebcd6a";"AA0508";"baja conectividad"
"644";"0013a20040ebaf48";"AA0546";"baja conectividad"
"645";"0013a20040ebccfb";"AA0590";"baja conectividad"
"646";"0013a20040ebaece";"AA0686";"baja conectividad"
"647";"0013a20040ebae22";"AA0723";"baja conectividad"
"648";"0013a20040f5ca95";"AA0847";"baja conectividad"
"649";"0013a20040ebaf2f";"AA0965";"baja conectividad"
"650";"0013a20040ebb036";"AA1001";"baja conectividad"
"651";"0013a20040ebb034";"AA1009";"baja conectividad"
"652";"0013a20040ebcc88";"AA1075";"baja conectividad"
"653";"0013a2004102e9fb";"AA1091";"baja conectividad"
"654";"0013a20040ebcd31";"AA1126";"baja conectividad"
"655";"0013a20040ebaec3";"AA0015";"bateria < 10%"
"656";"0013a20040ebacee";"AA0021";"bateria < 10%"
"657";"0013a20040ebaf96";"AA0028";"bateria < 10%"
"658";"0013a20040ebb19e";"AA0044";"bateria < 10%"
"659";"0013a20040ebb19b";"AA0048";"bateria < 10%"
"660";"0013a20040ebb190";"AA0049";"bateria < 10%"
"661";"0013a20040ebb1c0";"AA0069";"bateria < 10%"
"662";"0013a20040ebb1b5";"AA0082";"bateria < 10%"
"663";"0013a20040ebb0f5";"AA0087";"bateria < 10%"
"664";"0013a20040ebb1d4";"AA0091";"bateria < 10%"
"665";"0013a20040ebb1d6";"AA0108";"bateria < 10%"
"666";"0013a20040ebb1e5";"AA0116";"bateria < 10%"
"667";"0013a20040f5cb08";"AA0129";"bateria < 10%"
"668";"0013a20040f5caf2";"AA0133";"bateria < 10%"
"669";"0013a20040f5ca4e";"AA0143";"bateria < 10%"
"670";"0013a20040f5cb14";"AA0159";"bateria < 10%"
"671";"0013a20040f5ca5b";"AA0167";"bateria < 10%"
"672";"0013a20040f5ca5c";"AA0184";"bateria < 10%"
"673";"0013a20040ebae09";"AA0196";"bateria < 10%"
"674";"0013a20040ebadfa";"AA0200";"bateria < 10%"
"675";"0013a20040ebb1df";"AA0201";"bateria < 10%"
"676";"0013a20040ebaec5";"AA0202";"bateria < 10%"
"677";"0013a20040ebaec1";"AA0213";"bateria < 10%"
"678";"0013a20040ebacc7";"AA0243";"bateria < 10%"
"679";"0013a20040ebacce";"AA0255";"bateria < 10%"
"680";"0013a20040ebca58";"AA0267";"bateria < 10%"
"681";"0013a20040ebca48";"AA0270";"bateria < 10%"
"682";"0013a20040ebca36";"AA0271";"bateria < 10%"
"683";"0013a20040ebca15";"AA0281";"bateria < 10%"
"684";"0013a20040ebc960";"AA0321";"bateria < 10%"
"685";"0013a20040ebc979";"AA0328";"bateria < 10%"
"686";"0013a20040ebc94c";"AA0331";"bateria < 10%"
"687";"0013a20040ebc89b";"AA0338";"bateria < 10%"
"688";"0013a20040ebca0d";"AA0339";"bateria < 10%"
"689";"0013a20040ebca30";"AA0346";"bateria < 10%"
"690";"0013a20040ebca18";"AA0347";"bateria < 10%"
"691";"0013a20040ebca13";"AA0359";"bateria < 10%"
"692";"0013a20040ebca0f";"AA0360";"bateria < 10%"
"693";"0013a20040ebc8a2";"AA0368";"bateria < 10%"
"694";"0013a20040ebc8cb";"AA0387";"bateria < 10%"
"695";"0013a20040ebc8d0";"AA0397";"bateria < 10%"
"696";"0013a20040ebca53";"AA0417";"bateria < 10%"
"697";"0013a20040ebca54";"AA0421";"bateria < 10%"
"698";"0013a20040ebc8c0";"AA0422";"bateria < 10%"
"699";"0013a20040ebc97e";"AA0436";"bateria < 10%"
"700";"0013a20040ebc958";"AA0438";"bateria < 10%"
"701";"0013a2004102e86c";"AA0463";"bateria < 10%"
"702";"0013a2004102e865";"AA0467";"bateria < 10%"
"703";"0013a20040ebcd32";"AA0488";"bateria < 10%"
"704";"0013a20040ebcd35";"AA0489";"bateria < 10%"
"705";"0013a20040ebcd59";"AA0491";"bateria < 10%"
"706";"0013a20040ebcd48";"AA0492";"bateria < 10%"
"707";"0013a20040ebcd65";"AA0502";"bateria < 10%"
"708";"0013a20040ebcd6a";"AA0508";"bateria < 10%"
"709";"0013a20040ebc8ad";"AA0513";"bateria < 10%"
"710";"0013a20040ebaf3d";"AA0536";"bateria < 10%"
"711";"0013a20040ebaf48";"AA0546";"bateria < 10%"
"712";"0013a20040ebaf49";"AA0551";"bateria < 10%"
"713";"0013a20040ebcccd";"AA0565";"bateria < 10%"
"714";"0013a20040ebccdf";"AA0588";"bateria < 10%"
"715";"0013a20040ebccfb";"AA0590";"bateria < 10%"
"716";"0013a20040ebcce5";"AA0599";"bateria < 10%"
"717";"0013a20040ebaece";"AA0686";"bateria < 10%"
"718";"0013a20040ebaeab";"AA0697";"bateria < 10%"
"719";"0013a20040ebaeaf";"AA0710";"bateria < 10%"
"720";"0013a20040ebae15";"AA0720";"bateria < 10%"
"721";"0013a20040ebae22";"AA0723";"bateria < 10%"
"722";"0013a20040ebae11";"AA0728";"bateria < 10%"
"723";"0013a20040ebae13";"AA0733";"bateria < 10%"
"724";"0013a20040f5ca6f";"AA0737";"bateria < 10%"
"725";"0013a20040f5ca86";"AA0754";"bateria < 10%"
"726";"0013a20040f5ca84";"AA0760";"bateria < 10%"
"727";"0013a20040ebaf52";"AA0803";"bateria < 10%"
"728";"0013a20040ebaca6";"AA0814";"bateria < 10%"
"729";"0013a20040ebac8a";"AA0821";"bateria < 10%"
"730";"0013a20040f5ca67";"AA0854";"bateria < 10%"
"731";"0013a20040f5ca7b";"AA0859";"bateria < 10%"
"732";"0013a20040ebb002";"AA0875";"bateria < 10%"
"733";"0013a20040ebccb3";"AA0889";"bateria < 10%"
"734";"0013a20040ebccca";"AA0899";"bateria < 10%"
"735";"0013a20040ebccd0";"AA0906";"bateria < 10%"
"736";"0013a20040ebaf2f";"AA0965";"bateria < 10%"
"737";"0013a20040ebaf6f";"AA0966";"bateria < 10%"
"738";"0013a20040ebb004";"AA0968";"bateria < 10%"
"739";"0013a20040ebb036";"AA1001";"bateria < 10%"
"740";"0013a20040ebb033";"AA1008";"bateria < 10%"
"741";"0013a20040ebb034";"AA1009";"bateria < 10%"
"742";"0013a20040ebafda";"AA1029";"bateria < 10%"
"743";"0013a2004102e9f8";"AA1043";"bateria < 10%"
"744";"0013a2004102e9ed";"AA1046";"bateria < 10%"
"745";"0013a20040ebcd2b";"AA1068";"bateria < 10%"
"746";"0013a20040ebcc90";"AA1074";"bateria < 10%"
"747";"0013a20040ebcc88";"AA1075";"bateria < 10%"
"748";"0013a20040ebcd2a";"AA1089";"bateria < 10%"
"749";"0013a2004102e9fb";"AA1091";"bateria < 10%"
"750";"0013a20040ebccd5";"AA1103";"bateria < 10%"
"751";"0013a20040ebcc9d";"AA1110";"bateria < 10%"
"752";"0013a20040ebb0b1";"AA1116";"bateria < 10%"
"753";"0013a20040ebcd31";"AA1126";"bateria < 10%"
"754";"0013a20040f62fdd";"AA1191";"bateria < 10%"
"755";"0013a20040ebaf6f";"AA0966";"sensor defectuoso"
